"project_id","domain","language","windows","window_idx","num_team","num_commits","blau_gender","Gini_gh_ten","user_id","Core1","commits","propCommits","gender","github_tenure","leavesNextQ"
1101,"OTHER","Python",23,22,26,22688,0,0.422258503401361,1614129,1,22138,0.975758110014104,"male",426,0
1101,"OTHER","Python",23,22,26,22688,0,0.422258503401361,1614101,0,124,0.0054654442877292,"male",46,0
1101,"OTHER","Python",23,22,26,22688,0,0.422258503401361,94412,0,53,0.00233603667136812,"male",941,1
1101,"OTHER","Python",23,22,26,22688,0,0.422258503401361,88459,0,49,0.00215973201692525,"male",1870,0
1101,"OTHER","Python",23,22,26,22688,0,0.422258503401361,738787,0,45,0.00198342736248237,"male",781,0
1101,"OTHER","Python",23,22,26,22688,0,0.422258503401361,1646854,0,41,0.00180712270803949,"male",679,0
1101,"OTHER","Python",23,22,26,22688,0,0.422258503401361,1614144,0,38,0.00167489421720733,"male",173,0
1101,"OTHER","Python",23,22,26,22688,0,0.422258503401361,877622,0,32,0.00141043723554302,"male",1484,0
1101,"OTHER","Python",23,22,26,22688,0,0.422258503401361,1553744,0,27,0.00119005641748942,"male",155,0
1101,"OTHER","Python",23,22,26,22688,0,0.422258503401361,1614175,0,27,0.00119005641748942,"male",158,1
1101,"OTHER","Python",23,22,26,22688,0,0.422258503401361,1369907,0,23,0.00101375176304654,"male",614,0
1101,"OTHER","Python",23,22,26,22688,0,0.422258503401361,841357,0,16,0.000705218617771509,"male",687,0
1101,"OTHER","Python",23,22,26,22688,0,0.422258503401361,123465,0,15,0.00066114245416079,"male",744,0
1101,"OTHER","Python",23,22,26,22688,0,0.422258503401361,1338718,0,14,0.000617066290550071,"male",1264,0
1101,"OTHER","Python",23,22,26,22688,0,0.422258503401361,1614544,0,10,0.000440761636107193,"male",549,0
1101,"OTHER","Python",23,22,26,22688,0,0.422258503401361,117614,0,7,0.000308533145275035,"male",1169,1
1101,"OTHER","Python",23,22,26,22688,0,0.422258503401361,1614102,0,6,0.000264456981664316,"male",157,1
1101,"OTHER","Python",23,22,26,22688,0,0.422258503401361,1614135,0,5,0.000220380818053597,"male",1048,0
1101,"OTHER","Python",23,22,26,22688,0,0.422258503401361,7244,0,5,0.000220380818053597,"male",393,0
1101,"OTHER","Python",23,22,26,22688,0,0.422258503401361,96584,0,5,0.000220380818053597,"male",767,1
1101,"OTHER","Python",23,22,26,22688,0,0.422258503401361,1614123,0,2,8.81523272214386e-05,"male",96,0
1101,"OTHER","Python",23,22,26,22688,0,0.422258503401361,1625923,0,2,8.81523272214386e-05,"None",157,1
1101,"OTHER","Python",23,22,26,22688,0,0.422258503401361,1223546,0,1,4.40761636107193e-05,"male",378,0
1101,"OTHER","Python",23,22,26,22688,0,0.422258503401361,1530352,0,1,4.40761636107193e-05,"male",248,1
1101,"OTHER","Python",23,22,26,22688,0,0.422258503401361,21707,0,1,4.40761636107193e-05,"male",1487,0
1101,"OTHER","Python",23,22,26,22688,0,0.422258503401361,880091,0,1,4.40761636107193e-05,"male",1169,1
1101,"OTHER","Python",23,1,8,9939,0,0.314958278988639,88459,1,9382,0.943958144682564,"male",16,0
1101,"OTHER","Python",23,1,8,9939,0,0.314958278988639,1419931,0,210,0.0211288862058557,"male",1714,0
1101,"OTHER","Python",23,1,8,9939,0,0.314958278988639,117614,0,148,0.0148908340879364,"male",718,0
1101,"OTHER","Python",23,1,8,9939,0,0.314958278988639,878004,0,81,0.00814971325083006,"male",1236,0
1101,"OTHER","Python",23,1,8,9939,0,0.314958278988639,1614152,0,68,0.00684173458094376,"male",1333,1
1101,"OTHER","Python",23,1,8,9939,0,0.314958278988639,7245,0,33,0.00332025354663447,"male",718,0
1101,"OTHER","Python",23,1,8,9939,0,0.314958278988639,991177,0,16,0.00160981990139853,"male",1565,1
1101,"OTHER","Python",23,1,8,9939,0,0.314958278988639,1614118,0,1,0.000100613743837408,"male",1791,1
1101,"OTHER","Python",23,2,13,19010,0,0.251244558311983,117614,0,8207,0.4317201472909,"male",635,0
1101,"OTHER","Python",23,2,13,19010,0,0.251244558311983,88459,0,7894,0.415255128879537,"male",67,0
1101,"OTHER","Python",23,2,13,19010,0,0.251244558311983,7245,0,1500,0.0789058390320884,"male",635,0
1101,"OTHER","Python",23,2,13,19010,0,0.251244558311983,1614127,0,362,0.0190426091530773,"male",1646,0
1101,"OTHER","Python",23,2,13,19010,0,0.251244558311983,1349863,0,357,0.018779589689637,"male",939,0
1101,"OTHER","Python",23,2,13,19010,0,0.251244558311983,1614150,0,345,0.0181483429773803,"male",1708,0
1101,"OTHER","Python",23,2,13,19010,0,0.251244558311983,878004,0,157,0.00825881115202525,"male",1153,0
1101,"OTHER","Python",23,2,13,19010,0,0.251244558311983,1419931,0,78,0.0041031036296686,"male",1631,1
1101,"OTHER","Python",23,2,13,19010,0,0.251244558311983,213378,0,49,0.00257759074171489,"male",1507,0
1101,"OTHER","Python",23,2,13,19010,0,0.251244558311983,1614102,0,18,0.00094687006838506,"male",1646,0
1101,"OTHER","Python",23,2,13,19010,0,0.251244558311983,66609,0,18,0.00094687006838506,"male",939,1
1101,"OTHER","Python",23,2,13,19010,0,0.251244558311983,1614101,0,15,0.000789058390320884,"male",1850,0
1101,"OTHER","Python",23,2,13,19010,0,0.251244558311983,1662213,0,10,0.000526038926880589,"male",1647,1
1101,"OTHER","Python",23,10,10,9280,0,0.385701195141448,7245,1,7504,0.808620689655172,"male",92,1
1101,"OTHER","Python",23,10,10,9280,0,0.385701195141448,88459,0,1163,0.125323275862069,"male",794,1
1101,"OTHER","Python",23,10,10,9280,0,0.385701195141448,1553744,0,390,0.0420258620689655,"male",922,1
1101,"OTHER","Python",23,10,10,9280,0,0.385701195141448,1716812,0,114,0.0122844827586207,"male",788,0
1101,"OTHER","Python",23,10,10,9280,0,0.385701195141448,1614129,0,72,0.00775862068965517,"male",650,1
1101,"OTHER","Python",23,10,10,9280,0,0.385701195141448,2315614,0,16,0.00172413793103448,"male",981,1
1101,"OTHER","Python",23,10,10,9280,0,0.385701195141448,1349863,0,13,0.00140086206896552,"male",212,1
1101,"OTHER","Python",23,10,10,9280,0,0.385701195141448,117614,0,4,0.000431034482758621,"male",92,1
1101,"OTHER","Python",23,10,10,9280,0,0.385701195141448,1614137,0,3,0.000323275862068966,"male",981,1
1101,"OTHER","Python",23,10,10,9280,0,0.385701195141448,1338718,0,1,0.000107758620689655,"male",187,1
1101,"OTHER","Python",23,14,7,8001,0,0.483001408167371,88459,1,7454,0.931633545806774,"male",1144,0
1101,"OTHER","Python",23,14,7,8001,0,0.483001408167371,66609,0,348,0.0434945631796025,"male",138,1
1101,"OTHER","Python",23,14,7,8001,0,0.483001408167371,1614175,0,80,0.00999875015623047,"male",569,0
1101,"OTHER","Python",23,14,7,8001,0,0.483001408167371,1614544,0,80,0.00999875015623047,"male",178,0
1101,"OTHER","Python",23,14,7,8001,0,0.483001408167371,2315614,0,21,0.0026246719160105,"male",631,1
1101,"OTHER","Python",23,14,7,8001,0,0.483001408167371,1614177,0,17,0.00212473440819898,"male",631,0
1101,"OTHER","Python",23,14,7,8001,0,0.483001408167371,7180,0,1,0.000124984376952881,"None",23,1
1101,"OTHER","Python",23,13,19,10549,0.1,0.37234623015873,88459,0,7250,0.687268935444118,"male",1062,0
1101,"OTHER","Python",23,13,19,10549,0.1,0.37234623015873,1614135,0,1284,0.121717698360034,"male",240,1
1101,"OTHER","Python",23,13,19,10549,0.1,0.37234623015873,877622,0,415,0.0393402218219736,"male",676,1
1101,"OTHER","Python",23,13,19,10549,0.1,0.37234623015873,1349863,0,373,0.0353588017821594,"male",56,1
1101,"OTHER","Python",23,13,19,10549,0.1,0.37234623015873,1872276,0,372,0.0352640060669258,"male",304,1
1101,"OTHER","Python",23,13,19,10549,0.1,0.37234623015873,66609,0,148,0.0140297658545834,"male",56,0
1101,"OTHER","Python",23,13,19,10549,0.1,0.37234623015873,1614101,0,135,0.0127974215565456,"male",854,1
1101,"OTHER","Python",23,13,19,10549,0.1,0.37234623015873,1419931,0,126,0.0119442601194426,"male",635,1
1101,"OTHER","Python",23,13,19,10549,0.1,0.37234623015873,1614241,0,126,0.0119442601194426,"male",712,1
1101,"OTHER","Python",23,13,19,10549,0.1,0.37234623015873,703533,0,126,0.0119442601194426,"male",542,1
1101,"OTHER","Python",23,13,19,10549,0.1,0.37234623015873,1614544,0,67,0.00635131292065599,"male",260,0
1101,"OTHER","Python",23,13,19,10549,0.1,0.37234623015873,2315614,0,52,0.00492937719215091,"male",712,0
1101,"OTHER","Python",23,13,19,10549,0.1,0.37234623015873,738787,0,28,0.0026542800265428,"male",27,1
1101,"OTHER","Python",23,13,19,10549,0.1,0.37234623015873,1637793,0,17,0.00161152715897241,"male",715,1
1101,"OTHER","Python",23,13,19,10549,0.1,0.37234623015873,2783231,0,10,0.000947957152336714,"female",652,1
1101,"OTHER","Python",23,13,19,10549,0.1,0.37234623015873,878004,0,7,0.0006635700066357,"male",157,1
1101,"OTHER","Python",23,13,19,10549,0.1,0.37234623015873,1369907,0,6,0.000568774291402029,"male",194,1
1101,"OTHER","Python",23,13,19,10549,0.1,0.37234623015873,1614175,0,6,0.000568774291402029,"male",651,0
1101,"OTHER","Python",23,13,19,10549,0.1,0.37234623015873,1338718,0,1,9.47957152336714e-05,"male",455,1
1101,"OTHER","Python",23,6,8,13570,0,0.45686329326251,226980,0,6308,0.46484893146647,"None",112,0
1101,"OTHER","Python",23,6,8,13570,0,0.45686329326251,875071,0,4394,0.323802505526898,"male",1326,0
1101,"OTHER","Python",23,6,8,13570,0,0.45686329326251,117614,0,1481,0.109137803979366,"male",271,1
1101,"OTHER","Python",23,6,8,13570,0,0.45686329326251,1553744,0,724,0.0533529845246868,"male",1285,1
1101,"OTHER","Python",23,6,8,13570,0,0.45686329326251,213378,0,403,0.0296978629329403,"male",1143,1
1101,"OTHER","Python",23,6,8,13570,0,0.45686329326251,88459,0,225,0.0165806927044952,"male",430,0
1101,"OTHER","Python",23,6,8,13570,0,0.45686329326251,880091,0,27,0.00198968312453943,"male",271,1
1101,"OTHER","Python",23,6,8,13570,0,0.45686329326251,7245,0,8,0.000589535740604274,"male",272,1
1101,"OTHER","Python",23,9,10,10720,0,0.470186450064612,1369907,0,5060,0.472014925373134,"male",556,1
1101,"OTHER","Python",23,9,10,10720,0,0.470186450064612,877622,0,2224,0.207462686567164,"male",313,1
1101,"OTHER","Python",23,9,10,10720,0,0.470186450064612,1882063,0,1108,0.103358208955224,"male",1018,1
1101,"OTHER","Python",23,9,10,10720,0,0.470186450064612,88459,0,793,0.0739738805970149,"male",700,0
1101,"OTHER","Python",23,9,10,10720,0,0.470186450064612,880091,0,418,0.0389925373134328,"male",2,1
1101,"OTHER","Python",23,9,10,10720,0,0.470186450064612,1614101,0,366,0.0341417910447761,"male",1216,1
1101,"OTHER","Python",23,9,10,10720,0,0.470186450064612,1349863,0,354,0.0330223880597015,"male",306,0
1101,"OTHER","Python",23,9,10,10720,0,0.470186450064612,66609,0,354,0.0330223880597015,"male",306,1
1101,"OTHER","Python",23,9,10,10720,0,0.470186450064612,7245,0,35,0.00326492537313433,"male",2,0
1101,"OTHER","Python",23,9,10,10720,0,0.470186450064612,1419931,0,8,0.000746268656716418,"male",998,1
1101,"OTHER","Python",23,18,20,14210,0,0.411372073683124,7245,0,4400,0.309641097818438,"male",799,0
1101,"OTHER","Python",23,18,20,14210,0,0.411372073683124,1882063,0,3617,0.254539057002111,"male",217,1
1101,"OTHER","Python",23,18,20,14210,0,0.411372073683124,877622,0,2182,0.153553835327234,"male",1115,1
1101,"OTHER","Python",23,18,20,14210,0,0.411372073683124,738787,0,834,0.0586910626319493,"male",411,1
1101,"OTHER","Python",23,18,20,14210,0,0.411372073683124,1646854,0,566,0.0398311048557354,"male",309,1
1101,"OTHER","Python",23,18,20,14210,0,0.411372073683124,1553744,0,509,0.0358198451794511,"male",214,0
1101,"OTHER","Python",23,18,20,14210,0,0.411372073683124,1614222,0,485,0.0341308937368051,"male",273,1
1101,"OTHER","Python",23,18,20,14210,0,0.411372073683124,1614101,0,482,0.0339197748064743,"male",415,0
1101,"OTHER","Python",23,18,20,14210,0,0.411372073683124,117614,0,352,0.024771287825475,"male",799,0
1101,"OTHER","Python",23,18,20,14210,0,0.411372073683124,7244,0,257,0.0180858550316678,"male",24,1
1101,"OTHER","Python",23,18,20,14210,0,0.411372073683124,1349863,0,219,0.015411681914145,"male",495,1
1101,"OTHER","Python",23,18,20,14210,0,0.411372073683124,88459,0,146,0.01027445460943,"male",1501,0
1101,"OTHER","Python",23,18,20,14210,0,0.411372073683124,1338718,0,61,0.00429275158339198,"male",894,1
1101,"OTHER","Python",23,18,20,14210,0,0.411372073683124,2315614,0,36,0.00253342716396904,"male",273,1
1101,"OTHER","Python",23,18,20,14210,0,0.411372073683124,991177,0,23,0.00161857846586911,"male",48,1
1101,"OTHER","Python",23,18,20,14210,0,0.411372073683124,66609,0,18,0.00126671358198452,"male",495,1
1101,"OTHER","Python",23,18,20,14210,0,0.411372073683124,1404692,0,9,0.000633356790992259,"male",487,1
1101,"OTHER","Python",23,18,20,14210,0,0.411372073683124,841357,0,9,0.000633356790992259,"male",317,0
1101,"OTHER","Python",23,18,20,14210,0,0.411372073683124,2290900,0,4,0.000281491907107671,"male",418,1
1101,"OTHER","Python",23,18,20,14210,0,0.411372073683124,1614544,0,1,7.03729767769177e-05,"male",179,0
1101,"OTHER","Python",23,7,6,5480,0,0.302504816955684,875071,0,3274,0.597445255474453,"male",1240,0
1101,"OTHER","Python",23,7,6,5480,0,0.302504816955684,1882066,0,1116,0.203649635036496,"male",1322,1
1101,"OTHER","Python",23,7,6,5480,0,0.302504816955684,226980,0,690,0.125912408759124,"None",198,1
1101,"OTHER","Python",23,7,6,5480,0,0.302504816955684,991177,0,367,0.066970802919708,"male",1033,0
1101,"OTHER","Python",23,7,6,5480,0,0.302504816955684,88459,0,18,0.00328467153284672,"male",516,0
1101,"OTHER","Python",23,7,6,5480,0,0.302504816955684,1614101,0,15,0.00273722627737226,"male",1400,0
1101,"OTHER","Python",23,3,19,4213,0.111,0.272573552534579,88459,0,2627,0.623546166627107,"male",164,0
1101,"OTHER","Python",23,3,19,4213,0.111,0.272573552534579,117614,0,465,0.110372656064562,"male",538,0
1101,"OTHER","Python",23,3,19,4213,0.111,0.272573552534579,1614102,0,386,0.0916211725611203,"male",1550,0
1101,"OTHER","Python",23,3,19,4213,0.111,0.272573552534579,1349863,0,352,0.0835509138381201,"male",842,1
1101,"OTHER","Python",23,3,19,4213,0.111,0.272573552534579,1614101,0,71,0.0168525990980299,"male",1753,0
1101,"OTHER","Python",23,3,19,4213,0.111,0.272573552534579,1338718,0,54,0.0128174697365298,"male",443,1
1101,"OTHER","Python",23,3,19,4213,0.111,0.272573552534579,1614118,0,51,0.0121053880845004,"male",1611,1
1101,"OTHER","Python",23,3,19,4213,0.111,0.272573552534579,1625466,0,46,0.010918585331118,"female",1675,0
1101,"OTHER","Python",23,3,19,4213,0.111,0.272573552534579,1614123,0,35,0.00830761927367672,"male",1611,1
1101,"OTHER","Python",23,3,19,4213,0.111,0.272573552534579,1418472,0,29,0.00688345596961785,"None",1572,0
1101,"OTHER","Python",23,3,19,4213,0.111,0.272573552534579,7245,0,23,0.00545929266555898,"male",539,1
1101,"OTHER","Python",23,3,19,4213,0.111,0.272573552534579,991177,0,21,0.00498457156420603,"male",1386,1
1101,"OTHER","Python",23,3,19,4213,0.111,0.272573552534579,1614253,0,18,0.0042724899121766,"male",223,1
1101,"OTHER","Python",23,3,19,4213,0.111,0.272573552534579,683983,0,15,0.00356040826014716,"None",1410,0
1101,"OTHER","Python",23,3,19,4213,0.111,0.272573552534579,1614127,0,9,0.0021362449560883,"male",1549,1
1101,"OTHER","Python",23,3,19,4213,0.111,0.272573552534579,213378,0,6,0.00142416330405887,"male",1410,1
1101,"OTHER","Python",23,3,19,4213,0.111,0.272573552534579,279014,0,2,0.000474721101352955,"male",610,1
1101,"OTHER","Python",23,3,19,4213,0.111,0.272573552534579,878004,0,2,0.000474721101352955,"male",1056,0
1101,"OTHER","Python",23,3,19,4213,0.111,0.272573552534579,1614150,0,1,0.000237360550676478,"male",1611,1
1101,"OTHER","Python",23,5,4,2189,0,0.450834879406308,7245,1,2156,0.984924623115578,"male",358,0
1101,"OTHER","Python",23,5,4,2189,0,0.450834879406308,880091,0,16,0.00730927364093193,"male",358,0
1101,"OTHER","Python",23,5,4,2189,0,0.450834879406308,2155558,0,9,0.00411146642302421,"male",1549,1
1101,"OTHER","Python",23,5,4,2189,0,0.450834879406308,279014,0,8,0.00365463682046597,"male",430,1
1101,"OTHER","Python",23,17,14,2547,0,0.360035202259494,1882066,0,1830,0.71849234393404,"male",416,1
1101,"OTHER","Python",23,17,14,2547,0,0.360035202259494,1614222,0,387,0.151943462897526,"male",352,0
1101,"OTHER","Python",23,17,14,2547,0,0.360035202259494,7180,0,91,0.0357283078131135,"None",302,1
1101,"OTHER","Python",23,17,14,2547,0,0.360035202259494,1349863,0,79,0.0310168826069886,"male",416,0
1101,"OTHER","Python",23,17,14,2547,0,0.360035202259494,88459,0,57,0.0223792697290931,"male",1422,0
1101,"OTHER","Python",23,17,14,2547,0,0.360035202259494,1338718,0,31,0.0121711817824892,"male",815,0
1101,"OTHER","Python",23,17,14,2547,0,0.360035202259494,841357,0,27,0.0106007067137809,"male",238,0
1101,"OTHER","Python",23,17,14,2547,0,0.360035202259494,70581,0,14,0.005496662740479,"male",665,1
1101,"OTHER","Python",23,17,14,2547,0,0.360035202259494,1614101,0,10,0.00392618767177071,"male",494,0
1101,"OTHER","Python",23,17,14,2547,0,0.360035202259494,2290900,0,10,0.00392618767177071,"male",497,0
1101,"OTHER","Python",23,17,14,2547,0,0.360035202259494,1369907,0,6,0.00235571260306243,"male",166,1
1101,"OTHER","Python",23,17,14,2547,0,0.360035202259494,7191,0,3,0.00117785630153121,"male",855,1
1101,"OTHER","Python",23,17,14,2547,0,0.360035202259494,1614544,0,1,0.000392618767177071,"male",100,0
1101,"OTHER","Python",23,17,14,2547,0,0.360035202259494,7186,0,1,0.000392618767177071,"male",779,1
1101,"OTHER","Python",23,8,17,2564,0,0.334035251910778,880091,0,1125,0.438767550702028,"male",110,0
1101,"OTHER","Python",23,8,17,2564,0,0.334035251910778,7245,0,476,0.185647425897036,"male",110,0
1101,"OTHER","Python",23,8,17,2564,0,0.334035251910778,991177,0,346,0.134945397815913,"male",957,1
1101,"OTHER","Python",23,8,17,2564,0,0.334035251910778,88459,0,314,0.122464898595944,"male",592,0
1101,"OTHER","Python",23,8,17,2564,0,0.334035251910778,1560058,0,95,0.0370514820592824,"male",1173,1
1101,"OTHER","Python",23,8,17,2564,0,0.334035251910778,2072959,0,36,0.0140405616224649,"male",989,1
1101,"OTHER","Python",23,8,17,2564,0,0.334035251910778,66609,0,33,0.0128705148205928,"male",414,0
1101,"OTHER","Python",23,8,17,2564,0,0.334035251910778,877622,0,23,0.00897035881435257,"male",206,0
1101,"OTHER","Python",23,8,17,2564,0,0.334035251910778,1349863,0,18,0.00702028081123245,"male",414,0
1101,"OTHER","Python",23,8,17,2564,0,0.334035251910778,1614101,0,18,0.00702028081123245,"male",1324,0
1101,"OTHER","Python",23,8,17,2564,0,0.334035251910778,1614129,0,18,0.00702028081123245,"male",852,1
1101,"OTHER","Python",23,8,17,2564,0,0.334035251910778,875071,0,18,0.00702028081123245,"male",1164,1
1101,"OTHER","Python",23,8,17,2564,0,0.334035251910778,1553744,0,14,0.00546021840873635,"male",1123,1
1101,"OTHER","Python",23,8,17,2564,0,0.334035251910778,213378,0,13,0.00507020280811232,"male",981,1
1101,"OTHER","Python",23,8,17,2564,0,0.334035251910778,117614,0,10,0.00390015600624025,"male",110,1
1101,"OTHER","Python",23,8,17,2564,0,0.334035251910778,1614241,0,5,0.00195007800312012,"male",1182,1
1101,"OTHER","Python",23,8,17,2564,0,0.334035251910778,1614102,0,2,0.00078003120124805,"male",1121,1
1101,"OTHER","Python",23,19,11,2025,0,0.411454753722795,88459,0,771,0.380740740740741,"male",1603,0
1101,"OTHER","Python",23,19,11,2025,0,0.411454753722795,1614127,0,387,0.191111111111111,"male",110,1
1101,"OTHER","Python",23,19,11,2025,0,0.411454753722795,7245,0,366,0.180740740740741,"male",900,1
1101,"OTHER","Python",23,19,11,2025,0,0.411454753722795,7180,0,289,0.142716049382716,"None",482,0
1101,"OTHER","Python",23,19,11,2025,0,0.411454753722795,1553744,0,102,0.0503703703703704,"male",113,1
1101,"OTHER","Python",23,19,11,2025,0,0.411454753722795,841357,0,39,0.0192592592592593,"male",419,1
1101,"OTHER","Python",23,19,11,2025,0,0.411454753722795,117614,0,20,0.00987654320987654,"male",901,1
1101,"OTHER","Python",23,19,11,2025,0,0.411454753722795,1614101,0,20,0.00987654320987654,"male",314,0
1101,"OTHER","Python",23,19,11,2025,0,0.411454753722795,880091,0,20,0.00987654320987654,"male",901,1
1101,"OTHER","Python",23,19,11,2025,0,0.411454753722795,1614544,0,10,0.00493827160493827,"male",281,0
1101,"OTHER","Python",23,19,11,2025,0,0.411454753722795,7186,0,1,0.000493827160493827,"male",960,1
24293,"DEV_FRAME","Python",24,8,4,884,0.5,0.27722432153899,1584165,0,485,0.548642533936652,"female",1142,0
24293,"DEV_FRAME","Python",24,8,4,884,0.5,0.27722432153899,75456,0,285,0.322398190045249,"male",543,1
24293,"DEV_FRAME","Python",24,8,4,884,0.5,0.27722432153899,75459,0,91,0.102941176470588,"female",804,0
24293,"DEV_FRAME","Python",24,8,4,884,0.5,0.27722432153899,75458,0,23,0.0260180995475113,"male",422,1
24293,"DEV_FRAME","Python",24,20,10,581,0.18,0.329609088229778,75456,0,410,0.705679862306368,"male",1624,0
24293,"DEV_FRAME","Python",24,20,10,581,0.18,0.329609088229778,75458,0,97,0.166953528399312,"male",659,0
24293,"DEV_FRAME","Python",24,20,10,581,0.18,0.329609088229778,75459,0,55,0.0946643717728055,"female",277,0
24293,"DEV_FRAME","Python",24,20,10,581,0.18,0.329609088229778,30382,0,6,0.0103270223752151,"male",850,1
24293,"DEV_FRAME","Python",24,20,10,581,0.18,0.329609088229778,54318,0,5,0.00860585197934595,"male",823,0
24293,"DEV_FRAME","Python",24,20,10,581,0.18,0.329609088229778,84571,0,3,0.00516351118760757,"male",1137,1
24293,"DEV_FRAME","Python",24,20,10,581,0.18,0.329609088229778,962231,0,2,0.00344234079173838,"male",949,1
24293,"DEV_FRAME","Python",24,20,10,581,0.18,0.329609088229778,1070231,0,1,0.00172117039586919,"male",408,1
24293,"DEV_FRAME","Python",24,20,10,581,0.18,0.329609088229778,342000,0,1,0.00172117039586919,"male",224,0
24293,"DEV_FRAME","Python",24,20,10,581,0.18,0.329609088229778,6974,0,1,0.00172117039586919,"male",1343,1
1101,"OTHER","Python",23,20,7,686,0,0.503008423586041,7180,0,362,0.527696793002915,"None",565,0
1101,"OTHER","Python",23,20,7,686,0,0.503008423586041,1614544,0,210,0.306122448979592,"male",364,0
1101,"OTHER","Python",23,20,7,686,0,0.503008423586041,1338718,0,38,0.0553935860058309,"male",1079,0
1101,"OTHER","Python",23,20,7,686,0,0.503008423586041,1614101,0,19,0.0276967930029155,"male",231,0
1101,"OTHER","Python",23,20,7,686,0,0.503008423586041,1614158,0,19,0.0276967930029155,"male",89,1
1101,"OTHER","Python",23,20,7,686,0,0.503008423586041,88459,0,19,0.0276967930029155,"male",1686,0
1101,"OTHER","Python",23,20,7,686,0,0.503008423586041,898445,0,19,0.0276967930029155,"male",418,0
24293,"DEV_FRAME","Python",24,19,6,431,0.278,0.353703014514328,75456,1,350,0.812064965197216,"male",1533,0
24293,"DEV_FRAME","Python",24,19,6,431,0.278,0.353703014514328,75459,0,56,0.129930394431555,"female",186,0
24293,"DEV_FRAME","Python",24,19,6,431,0.278,0.353703014514328,75458,0,15,0.0348027842227378,"male",568,0
24293,"DEV_FRAME","Python",24,19,6,431,0.278,0.353703014514328,75469,0,7,0.0162412993039443,"male",874,1
24293,"DEV_FRAME","Python",24,19,6,431,0.278,0.353703014514328,30382,0,2,0.00464037122969838,"male",760,0
24293,"DEV_FRAME","Python",24,19,6,431,0.278,0.353703014514328,5268,0,1,0.00232018561484919,"male",1453,1
24293,"DEV_FRAME","Python",24,11,4,614,0.5,0.342323360022475,75456,0,276,0.449511400651466,"male",812,0
24293,"DEV_FRAME","Python",24,11,4,614,0.5,0.342323360022475,1584165,0,266,0.433224755700326,"female",873,0
24293,"DEV_FRAME","Python",24,11,4,614,0.5,0.342323360022475,75459,0,41,0.0667752442996743,"female",535,0
24293,"DEV_FRAME","Python",24,11,4,614,0.5,0.342323360022475,75458,0,31,0.0504885993485342,"male",153,0
24293,"DEV_FRAME","Python",24,10,4,265,0.5,0.295686274509804,1584165,1,255,0.962264150943396,"female",962,0
24293,"DEV_FRAME","Python",24,10,4,265,0.5,0.295686274509804,75456,0,5,0.0188679245283019,"male",723,0
24293,"DEV_FRAME","Python",24,10,4,265,0.5,0.295686274509804,75459,0,3,0.0113207547169811,"female",624,0
24293,"DEV_FRAME","Python",24,10,4,265,0.5,0.295686274509804,75458,0,2,0.00754716981132075,"male",241,0
24293,"DEV_FRAME","Python",24,12,5,551,0.48,0.375232428412049,75456,0,246,0.446460980036298,"male",902,0
24293,"DEV_FRAME","Python",24,12,5,551,0.48,0.375232428412049,1584165,0,178,0.323049001814882,"female",783,0
24293,"DEV_FRAME","Python",24,12,5,551,0.48,0.375232428412049,342000,0,114,0.206896551724138,"male",497,0
24293,"DEV_FRAME","Python",24,12,5,551,0.48,0.375232428412049,75458,0,9,0.0163339382940109,"male",62,0
24293,"DEV_FRAME","Python",24,12,5,551,0.48,0.375232428412049,75459,0,4,0.00725952813067151,"female",445,0
24293,"DEV_FRAME","Python",24,6,6,265,0.444,0.445670559806686,1584165,1,216,0.815094339622642,"female",1324,0
24293,"DEV_FRAME","Python",24,6,6,265,0.444,0.445670559806686,75459,0,31,0.116981132075472,"female",986,0
24293,"DEV_FRAME","Python",24,6,6,265,0.444,0.445670559806686,3101241,0,13,0.0490566037735849,"male",1625,1
24293,"DEV_FRAME","Python",24,6,6,265,0.444,0.445670559806686,75456,0,2,0.00754716981132075,"male",361,0
24293,"DEV_FRAME","Python",24,6,6,265,0.444,0.445670559806686,75458,0,2,0.00754716981132075,"male",604,0
24293,"DEV_FRAME","Python",24,6,6,265,0.444,0.445670559806686,61265,0,1,0.00377358490566038,"male",66,1
2951765,"GUI","Ruby",2,2,2,222,0.5,0.518987341772152,2028102,1,215,0.968468468468468,"female",95,0
2951765,"GUI","Ruby",2,2,2,222,0.5,0.518987341772152,1159820,0,7,0.0315315315315315,"male",300,0
24293,"DEV_FRAME","Python",24,9,2,202,0,0.190529875986471,1584165,1,198,0.98019801980198,"female",1056,0
24293,"DEV_FRAME","Python",24,9,2,202,0,0.190529875986471,75459,0,4,0.0198019801980198,"female",718,0
24293,"DEV_FRAME","Python",24,5,9,453,0.444,0.544026776519053,75389,0,196,0.432671081677704,"male",274,1
24293,"DEV_FRAME","Python",24,5,9,453,0.444,0.544026776519053,1584165,0,108,0.23841059602649,"female",1412,0
24293,"DEV_FRAME","Python",24,5,9,453,0.444,0.544026776519053,75459,0,66,0.145695364238411,"female",1074,0
24293,"DEV_FRAME","Python",24,5,9,453,0.444,0.544026776519053,75456,0,54,0.119205298013245,"male",273,0
24293,"DEV_FRAME","Python",24,5,9,453,0.444,0.544026776519053,75458,0,13,0.0286975717439294,"male",691,0
24293,"DEV_FRAME","Python",24,5,9,453,0.444,0.544026776519053,3101255,0,11,0.0242825607064018,"female",1713,1
24293,"DEV_FRAME","Python",24,5,9,453,0.444,0.544026776519053,61265,0,3,0.00662251655629139,"male",22,0
24293,"DEV_FRAME","Python",24,5,9,453,0.444,0.544026776519053,635649,0,1,0.0022075055187638,"male",213,1
24293,"DEV_FRAME","Python",24,5,9,453,0.444,0.544026776519053,75622,0,1,0.0022075055187638,"male",154,1
1101,"OTHER","Python",23,16,5,209,0,0.496916752312436,88459,0,153,0.732057416267943,"male",1329,0
1101,"OTHER","Python",23,16,5,209,0,0.496916752312436,1419931,0,33,0.157894736842105,"male",368,1
1101,"OTHER","Python",23,16,5,209,0,0.496916752312436,1614544,0,13,0.062200956937799,"male",8,0
1101,"OTHER","Python",23,16,5,209,0,0.496916752312436,7245,0,8,0.0382775119617225,"male",627,1
1101,"OTHER","Python",23,16,5,209,0,0.496916752312436,1614101,0,2,0.00956937799043062,"male",587,0
1101,"OTHER","Python",23,4,10,332,0.219,0.315841667721653,117614,0,130,0.391566265060241,"male",499,1
1101,"OTHER","Python",23,4,10,332,0.219,0.315841667721653,1625466,0,58,0.174698795180723,"female",1635,1
1101,"OTHER","Python",23,4,10,332,0.219,0.315841667721653,1418472,0,37,0.11144578313253,"None",1533,1
1101,"OTHER","Python",23,4,10,332,0.219,0.315841667721653,880091,0,33,0.0993975903614458,"male",499,0
1101,"OTHER","Python",23,4,10,332,0.219,0.315841667721653,1614102,0,18,0.0542168674698795,"male",1510,1
1101,"OTHER","Python",23,4,10,332,0.219,0.315841667721653,70581,0,18,0.0542168674698795,"male",553,1
1101,"OTHER","Python",23,4,10,332,0.219,0.315841667721653,1614101,0,14,0.0421686746987952,"male",1713,1
1101,"OTHER","Python",23,4,10,332,0.219,0.315841667721653,88459,0,10,0.0301204819277108,"male",203,1
1101,"OTHER","Python",23,4,10,332,0.219,0.315841667721653,878004,0,9,0.0271084337349398,"male",1016,1
1101,"OTHER","Python",23,4,10,332,0.219,0.315841667721653,683983,0,5,0.0150602409638554,"None",1371,1
1101,"OTHER","Python",23,15,9,511,0,0.390142253834185,88459,0,128,0.250489236790607,"male",1243,0
1101,"OTHER","Python",23,15,9,511,0,0.390142253834185,130911,0,117,0.228962818003914,"None",416,1
1101,"OTHER","Python",23,15,9,511,0,0.390142253834185,1614175,0,92,0.180039138943249,"male",469,1
1101,"OTHER","Python",23,15,9,511,0,0.390142253834185,1614101,0,56,0.10958904109589,"male",673,0
1101,"OTHER","Python",23,15,9,511,0,0.390142253834185,1369907,0,42,0.0821917808219178,"male",13,1
1101,"OTHER","Python",23,15,9,511,0,0.390142253834185,7245,0,24,0.0469667318982387,"male",541,0
1101,"OTHER","Python",23,15,9,511,0,0.390142253834185,1661548,0,23,0.0450097847358121,"male",535,1
1101,"OTHER","Python",23,15,9,511,0,0.390142253834185,1614544,0,22,0.0430528375733855,"male",78,0
1101,"OTHER","Python",23,15,9,511,0,0.390142253834185,1614177,0,7,0.0136986301369863,"male",531,1
24293,"DEV_FRAME","Python",24,4,5,117,0.32,0.448468786808009,75389,0,92,0.786324786324786,"male",183,0
24293,"DEV_FRAME","Python",24,4,5,117,0.32,0.448468786808009,635649,0,13,0.111111111111111,"male",122,0
24293,"DEV_FRAME","Python",24,4,5,117,0.32,0.448468786808009,75459,0,9,0.0769230769230769,"female",1165,0
24293,"DEV_FRAME","Python",24,4,5,117,0.32,0.448468786808009,75458,0,2,0.0170940170940171,"male",783,0
24293,"DEV_FRAME","Python",24,4,5,117,0.32,0.448468786808009,120219,0,1,0.00854700854700855,"male",1143,1
24293,"DEV_FRAME","Python",24,7,8,160,0.375,0.362057667103539,1584165,0,79,0.49375,"female",1232,0
24293,"DEV_FRAME","Python",24,7,8,160,0.375,0.362057667103539,75459,0,29,0.18125,"female",893,0
24293,"DEV_FRAME","Python",24,7,8,160,0.375,0.362057667103539,75456,0,15,0.09375,"male",454,0
24293,"DEV_FRAME","Python",24,7,8,160,0.375,0.362057667103539,9061,0,13,0.08125,"male",139,1
24293,"DEV_FRAME","Python",24,7,8,160,0.375,0.362057667103539,635649,0,11,0.06875,"male",393,1
24293,"DEV_FRAME","Python",24,7,8,160,0.375,0.362057667103539,75458,0,11,0.06875,"male",511,0
24293,"DEV_FRAME","Python",24,7,8,160,0.375,0.362057667103539,15693,0,1,0.00625,"male",284,1
24293,"DEV_FRAME","Python",24,7,8,160,0.375,0.362057667103539,75389,0,1,0.00625,"male",454,1
24293,"DEV_FRAME","Python",24,17,5,99,0.32,0.454262987820035,75456,0,77,0.777777777777778,"male",1353,0
24293,"DEV_FRAME","Python",24,17,5,99,0.32,0.454262987820035,75459,0,18,0.181818181818182,"female",6,0
24293,"DEV_FRAME","Python",24,17,5,99,0.32,0.454262987820035,75622,0,2,0.0202020202020202,"male",1234,1
24293,"DEV_FRAME","Python",24,17,5,99,0.32,0.454262987820035,1239491,0,1,0.0101010101010101,"male",273,1
24293,"DEV_FRAME","Python",24,17,5,99,0.32,0.454262987820035,470096,0,1,0.0101010101010101,"male",1157,1
24293,"DEV_FRAME","Python",24,1,3,73,0.444,0.0971021860701578,75459,1,70,0.958904109589041,"female",1446,0
24293,"DEV_FRAME","Python",24,1,3,73,0.444,0.0971021860701578,120219,0,2,0.0273972602739726,"male",1424,0
24293,"DEV_FRAME","Python",24,1,3,73,0.444,0.0971021860701578,75458,0,1,0.0136986301369863,"male",1064,0
24293,"DEV_FRAME","Python",24,15,2,66,0.5,0.13151364764268,75459,1,65,0.984848484848485,"female",175,0
24293,"DEV_FRAME","Python",24,15,2,66,0.5,0.13151364764268,342000,0,1,0.0151515151515152,"male",228,0
142142,"OTHER","Java",16,8,3,63,0.444,0.0783678756476684,33272,1,60,0.952380952380952,"male",1190,0
142142,"OTHER","Java",16,8,3,63,0.444,0.0783678756476684,60088,0,2,0.0317460317460317,"female",950,1
142142,"OTHER","Java",16,8,3,63,0.444,0.0783678756476684,178359,0,1,0.0158730158730159,"male",948,1
24293,"DEV_FRAME","Python",24,3,7,125,0.245,0.636380424746076,75389,0,54,0.432,"male",89,0
142142,"OTHER","Java",16,5,3,56,0.444,0.726453726453726,33272,1,54,0.964285714285714,"male",928,0
24293,"DEV_FRAME","Python",24,3,7,125,0.245,0.636380424746076,75459,0,40,0.32,"female",1259,0
24293,"DEV_FRAME","Python",24,3,7,125,0.245,0.636380424746076,75456,0,14,0.112,"male",88,1
24293,"DEV_FRAME","Python",24,3,7,125,0.245,0.636380424746076,75458,0,8,0.064,"male",877,0
24293,"DEV_FRAME","Python",24,3,7,125,0.245,0.636380424746076,120219,0,5,0.04,"male",1237,0
24293,"DEV_FRAME","Python",24,3,7,125,0.245,0.636380424746076,635649,0,3,0.024,"male",28,0
24293,"DEV_FRAME","Python",24,3,7,125,0.245,0.636380424746076,75622,0,1,0.008,"male",32,1
142142,"OTHER","Java",16,5,3,56,0.444,0.726453726453726,217920,0,1,0.0178571428571429,"female",41,1
142142,"OTHER","Java",16,5,3,56,0.444,0.726453726453726,250361,0,1,0.0178571428571429,"male",252,1
142142,"OTHER","Java",16,1,8,113,0.5,0.556467321480376,33272,0,52,0.460176991150442,"male",567,0
142142,"OTHER","Java",16,1,8,113,0.5,0.556467321480376,60088,0,50,0.442477876106195,"female",327,0
142142,"OTHER","Java",16,1,8,113,0.5,0.556467321480376,367417,0,4,0.0353982300884956,"male",114,1
142142,"OTHER","Java",16,1,8,113,0.5,0.556467321480376,367370,0,3,0.0265486725663717,"female",80,1
142142,"OTHER","Java",16,1,8,113,0.5,0.556467321480376,1108515,0,1,0.00884955752212389,"None",154,1
142142,"OTHER","Java",16,1,8,113,0.5,0.556467321480376,1108516,0,1,0.00884955752212389,"None",1115,1
142142,"OTHER","Java",16,1,8,113,0.5,0.556467321480376,367420,0,1,0.00884955752212389,"male",80,1
142142,"OTHER","Java",16,1,8,113,0.5,0.556467321480376,523985,0,1,0.00884955752212389,"female",1010,1
24293,"DEV_FRAME","Python",24,13,5,80,0.48,0.454837414692894,342000,0,47,0.5875,"male",423,1
24293,"DEV_FRAME","Python",24,13,5,80,0.48,0.454837414692894,1584165,0,26,0.325,"female",709,0
24293,"DEV_FRAME","Python",24,13,5,80,0.48,0.454837414692894,75456,0,4,0.05,"male",976,1
24293,"DEV_FRAME","Python",24,13,5,80,0.48,0.454837414692894,75458,0,2,0.025,"male",12,1
24293,"DEV_FRAME","Python",24,13,5,80,0.48,0.454837414692894,75459,0,1,0.0125,"female",371,1
142142,"OTHER","Java",16,2,3,35,0.444,0.376498800959233,60088,0,25,0.714285714285714,"female",414,0
2951765,"GUI","Ruby",2,1,2,31,0,0.965116279069767,1159821,1,25,0.806451612903226,"female",169,1
142142,"OTHER","Java",16,2,3,35,0.444,0.376498800959233,314503,0,6,0.171428571428571,"female",183,0
2951765,"GUI","Ruby",2,1,2,31,0,0.965116279069767,2028102,0,6,0.193548387096774,"female",3,0
142142,"OTHER","Java",16,2,3,35,0.444,0.376498800959233,33272,0,4,0.114285714285714,"male",654,0
24293,"DEV_FRAME","Python",24,16,3,40,0.444,0.74635761589404,75459,0,24,0.6,"female",110,0
24293,"DEV_FRAME","Python",24,16,3,40,0.444,0.74635761589404,75456,0,13,0.325,"male",1237,0
24293,"DEV_FRAME","Python",24,16,3,40,0.444,0.74635761589404,342000,0,3,0.075,"male",163,1
142142,"OTHER","Java",16,3,6,45,0.5,0.388395061728395,60088,0,16,0.355555555555556,"female",485,0
142142,"OTHER","Java",16,3,6,45,0.5,0.388395061728395,314503,0,11,0.244444444444444,"female",254,0
142142,"OTHER","Java",16,3,6,45,0.5,0.388395061728395,33272,0,10,0.222222222222222,"male",725,0
142142,"OTHER","Java",16,3,6,45,0.5,0.388395061728395,250361,0,6,0.133333333333333,"male",49,0
142142,"OTHER","Java",16,3,6,45,0.5,0.388395061728395,44496,0,1,0.0222222222222222,"male",788,0
142142,"OTHER","Java",16,3,6,45,0.5,0.388395061728395,964143,0,1,0.0222222222222222,"female",939,0
24293,"DEV_FRAME","Python",24,2,6,18,0.278,0.6259079,75459,0,6,0.3333333,"female",1343,0
142142,"OTHER","Java",16,17,2,7,0,0.3076923,33272,1,6,0.8571429,"male",2006,0
24293,"DEV_FRAME","Python",24,2,6,18,0.278,0.6259079,75458,0,4,0.2222222,"male",961,0
24293,"DEV_FRAME","Python",24,2,6,18,0.278,0.6259079,635649,0,3,0.1666667,"male",56,0
24293,"DEV_FRAME","Python",24,2,6,18,0.278,0.6259079,75389,0,3,0.1666667,"male",5,0
24293,"DEV_FRAME","Python",24,2,6,18,0.278,0.6259079,120219,0,1,0.05555556,"male",1321,0
24293,"DEV_FRAME","Python",24,2,6,18,0.278,0.6259079,75456,0,1,0.05555556,"male",4,0
142142,"OTHER","Java",16,17,2,7,0,0.3076923,699964,0,1,0.1428571,"male",1062,0
142142,"OTHER","Java",16,16,4,8,0,0.8261365,1651590,0,3,0.375,"None",137,1
142142,"OTHER","Java",16,16,4,8,0,0.8261365,33272,0,2,0.25,"male",1900,0
142142,"OTHER","Java",16,16,4,8,0,0.8261365,959356,0,2,0.25,"male",285,1
142142,"OTHER","Java",16,16,4,8,0,0.8261365,2156098,0,1,0.125,"male",17,1
1101,"OTHER","Python",23,23,32,8217,0.064,0.3955122,88459,0,2918,0.3551174,"male",1964,0
1101,"OTHER","Python",23,24,20,3070,0.105,0.4532886,113876,0,2075,0.6758958,"male",1825,0
1101,"OTHER","Python",23,23,32,8217,0.064,0.3955122,1614129,0,1243,0.1512718,"male",520,0
1101,"OTHER","Python",23,23,32,8217,0.064,0.3955122,1338718,0,920,0.111963,"male",1357,1
1101,"OTHER","Python",23,24,20,3070,0.105,0.4532886,880091,0,728,0.2371336,"male",1352,0
24293,"DEV_FRAME","Python",24,23,12,1655,0.153,0.2925784,385448,0,701,0.423565,"male",783,0
1101,"OTHER","Python",23,23,32,8217,0.064,0.3955122,1349863,0,627,0.07630522,"male",958,1
24293,"DEV_FRAME","Python",24,23,12,1655,0.153,0.2925784,38281,0,545,0.3293051,"male",1560,0
1101,"OTHER","Python",23,23,32,8217,0.064,0.3955122,7244,0,538,0.06547402,"male",486,0
24293,"DEV_FRAME","Python",24,22,19,1191,0,0.3110061,385448,0,446,0.3744752,"male",693,0
24293,"DEV_FRAME","Python",24,24,12,1224,0,0.2299264,385448,0,378,0.3088235,"male",873,0
1101,"OTHER","Python",23,23,32,8217,0.064,0.3955122,1646854,0,359,0.04368991,"male",772,0
24293,"DEV_FRAME","Python",24,24,12,1224,0,0.2299264,75456,0,331,0.2704248,"male",1984,0
1101,"OTHER","Python",23,23,32,8217,0.064,0.3955122,66609,0,323,0.03930875,"male",958,1
1101,"OTHER","Python",23,23,32,8217,0.064,0.3955122,898445,0,310,0.03772666,"male",696,1
1101,"OTHER","Python",23,23,32,8217,0.064,0.3955122,2286489,0,290,0.03529269,"male",249,1
1101,"OTHER","Python",23,23,32,8217,0.064,0.3955122,683983,0,290,0.03529269,"None",390,1
1101,"OTHER","Python",23,23,32,8217,0.064,0.3955122,1418472,0,266,0.03237191,"None",228,1
24293,"DEV_FRAME","Python",24,22,19,1191,0,0.3110061,75456,0,215,0.1805206,"male",1804,0
24293,"DEV_FRAME","Python",24,24,12,1224,0,0.2299264,38281,0,213,0.1740196,"male",1650,0
24293,"DEV_FRAME","Python",24,23,12,1655,0.153,0.2925784,75456,0,207,0.1250755,"male",1894,0
24293,"DEV_FRAME","Python",24,22,19,1191,0,0.3110061,75622,0,180,0.1511335,"male",1684,0
24293,"DEV_FRAME","Python",24,22,19,1191,0,0.3110061,38281,0,175,0.1469353,"male",1470,0
24293,"DEV_FRAME","Python",24,21,17,443,0.142,0.3616627,75456,0,155,0.3498871,"male",1714,0
24293,"DEV_FRAME","Python",24,24,12,1224,0,0.2299264,75458,0,130,0.1062092,"male",1019,0
1101,"OTHER","Python",23,24,20,3070,0.105,0.4532886,1614135,0,124,0.04039088,"male",1232,0
1101,"OTHER","Python",23,24,20,3070,0.105,0.4532886,7244,0,122,0.03973941,"male",576,0
24293,"DEV_FRAME","Python",24,24,12,1224,0,0.2299264,5806,0,109,0.08905229,"male",1000,0
24293,"DEV_FRAME","Python",24,23,12,1655,0.153,0.2925784,342000,0,108,0.0652568,"male",494,0
24293,"DEV_FRAME","Python",24,22,19,1191,0,0.3110061,75458,0,100,0.08396306,"male",839,1
24293,"DEV_FRAME","Python",24,21,17,443,0.142,0.3616627,385448,0,85,0.1918736,"male",603,0
24293,"DEV_FRAME","Python",24,21,17,443,0.142,0.3616627,75458,0,85,0.1918736,"male",749,0
24293,"DEV_FRAME","Python",24,18,7,171,0.245,0.3447629,75456,0,81,0.4736842,"male",1442,0
24293,"DEV_FRAME","Python",24,18,7,171,0.245,0.3447629,75459,0,74,0.4327485,"female",95,0
24293,"DEV_FRAME","Python",24,23,12,1655,0.153,0.2925784,5806,0,58,0.03504532,"male",910,0
24293,"DEV_FRAME","Python",24,24,12,1224,0,0.2299264,342000,0,49,0.04003268,"male",584,0
24293,"DEV_FRAME","Python",24,21,17,443,0.142,0.3616627,620385,0,38,0.08577878,"None",833,1
1101,"OTHER","Python",23,21,21,222,0,0.4000808,7180,0,35,0.1576577,"None",661,1
1101,"OTHER","Python",23,23,32,8217,0.064,0.3955122,1614544,0,34,0.004137763,"male",642,0
24293,"DEV_FRAME","Python",24,22,19,1191,0,0.3110061,133048,0,33,0.02770781,"None",756,1
1101,"OTHER","Python",23,21,21,222,0,0.4000808,1614101,0,32,0.1441441,"male",135,0
1101,"OTHER","Python",23,23,32,8217,0.064,0.3955122,738787,0,30,0.003650968,"male",874,0
1101,"OTHER","Python",23,21,21,222,0,0.4000808,90859,0,28,0.1261261,"male",697,1
24293,"DEV_FRAME","Python",24,21,17,443,0.142,0.3616627,438642,0,28,0.06320542,"male",1312,1
24293,"DEV_FRAME","Python",24,23,12,1655,0.153,0.2925784,75622,0,28,0.01691843,"male",1774,1
1101,"OTHER","Python",23,21,21,222,0,0.4000808,1338718,0,21,0.09459459,"male",1175,0
1101,"OTHER","Python",23,21,21,222,0,0.4000808,1614102,0,20,0.09009009,"male",68,0
1101,"OTHER","Python",23,23,32,8217,0.064,0.3955122,1614101,0,19,0.002312279,"male",48,1
24293,"DEV_FRAME","Python",24,21,17,443,0.142,0.3616627,277650,0,16,0.03611738,"male",1593,1
24293,"DEV_FRAME","Python",24,21,17,443,0.142,0.3616627,75459,0,13,0.02934537,"female",367,1
24293,"DEV_FRAME","Python",24,22,19,1191,0,0.3110061,1795601,0,13,0.0109152,"male",81,1
1101,"OTHER","Python",23,21,21,222,0,0.4000808,738787,0,12,0.05405405,"male",692,0
1101,"OTHER","Python",23,21,21,222,0,0.4000808,991177,0,12,0.05405405,"male",232,1
24293,"DEV_FRAME","Python",24,21,17,443,0.142,0.3616627,282735,0,12,0.02708804,"None",1078,1
24293,"DEV_FRAME","Python",24,22,19,1191,0,0.3110061,30382,0,12,0.01007557,"male",1030,1
1101,"OTHER","Python",23,21,21,222,0,0.4000808,88459,0,11,0.04954955,"male",1782,0
24293,"DEV_FRAME","Python",24,24,12,1224,0,0.2299264,133048,0,10,0.008169935,"None",936,0
1101,"OTHER","Python",23,21,21,222,0,0.4000808,1614175,0,9,0.04054054,"male",69,0
1101,"OTHER","Python",23,21,21,222,0,0.4000808,1614544,0,9,0.04054054,"male",460,0
24293,"DEV_FRAME","Python",24,22,19,1191,0,0.3110061,5806,0,9,0.007556675,"male",820,0
1101,"OTHER","Python",23,21,21,222,0,0.4000808,898445,0,8,0.03603604,"male",514,1
1101,"OTHER","Python",23,23,32,8217,0.064,0.3955122,1553744,0,7,0.0008518924,"male",249,0
24293,"DEV_FRAME","Python",24,18,7,171,0.245,0.3447629,7251,0,7,0.04093567,"male",974,1
24293,"DEV_FRAME","Python",24,18,7,171,0.245,0.3447629,75469,0,7,0.04093567,"male",783,0
1101,"OTHER","Python",23,23,32,8217,0.064,0.3955122,1614135,0,6,0.0007301935,"male",1142,0
24293,"DEV_FRAME","Python",24,21,17,443,0.142,0.3616627,75622,0,6,0.01354402,"male",1594,0
1101,"OTHER","Python",23,23,32,8217,0.064,0.3955122,1223546,0,5,0.0006084946,"male",471,1
1101,"OTHER","Python",23,23,32,8217,0.064,0.3955122,123465,0,5,0.0006084946,"male",838,1
1101,"OTHER","Python",23,21,21,222,0,0.4000808,123465,0,4,0.01801802,"male",656,0
1101,"OTHER","Python",23,21,21,222,0,0.4000808,140361,0,4,0.01801802,"male",632,1
1101,"OTHER","Python",23,21,21,222,0,0.4000808,1553744,0,4,0.01801802,"male",66,0
1101,"OTHER","Python",23,21,21,222,0,0.4000808,66609,0,4,0.01801802,"male",776,1
1101,"OTHER","Python",23,21,21,222,0,0.4000808,7186,0,4,0.01801802,"male",1139,1
1101,"OTHER","Python",23,23,32,8217,0.064,0.3955122,1614144,0,4,0.0004867957,"male",266,0
1101,"OTHER","Python",23,23,32,8217,0.064,0.3955122,2276548,0,4,0.0004867957,"male",545,0
1101,"OTHER","Python",23,23,32,8217,0.064,0.3955122,841357,0,4,0.0004867957,"male",780,1
1101,"OTHER","Python",23,24,20,3070,0.105,0.4532886,7245,0,4,0.001302932,"male",1352,0
1101,"OTHER","Python",23,23,32,8217,0.064,0.3955122,1369907,0,3,0.0003650968,"male",708,1
1101,"OTHER","Python",23,23,32,8217,0.064,0.3955122,21707,0,3,0.0003650968,"male",1581,1
24293,"DEV_FRAME","Python",24,22,19,1191,0,0.3110061,423206,0,3,0.002518892,"male",1163,1
24293,"DEV_FRAME","Python",24,23,12,1655,0.153,0.2925784,5268,0,3,0.001812689,"male",1813,0
1101,"OTHER","Python",23,21,21,222,0,0.4000808,159487,0,2,0.009009009,"male",972,1
1101,"OTHER","Python",23,21,21,222,0,0.4000808,877622,0,2,0.009009009,"male",1395,0
1101,"OTHER","Python",23,23,32,8217,0.064,0.3955122,1872276,0,2,0.0002433978,"male",598,1
1101,"OTHER","Python",23,23,32,8217,0.064,0.3955122,2315614,0,2,0.0002433978,"male",190,0
1101,"OTHER","Python",23,24,20,3070,0.105,0.4532886,1614544,0,2,0.0006514658,"male",732,0
1101,"OTHER","Python",23,24,20,3070,0.105,0.4532886,2276548,0,2,0.0006514658,"male",635,0
1101,"OTHER","Python",23,24,20,3070,0.105,0.4532886,2897490,0,2,0.0006514658,"male",20,0
24293,"DEV_FRAME","Python",24,22,19,1191,0,0.3110061,946850,0,2,0.001679261,"male",1379,1
24293,"DEV_FRAME","Python",24,23,12,1655,0.153,0.2925784,438642,0,2,0.001208459,"male",1492,0
24293,"DEV_FRAME","Python",24,23,12,1655,0.153,0.2925784,466127,0,2,0.001208459,"male",951,1
1101,"OTHER","Python",23,21,21,222,0,0.4000808,7244,0,1,0.004504505,"male",304,0
1101,"OTHER","Python",23,23,32,8217,0.064,0.3955122,1324125,0,1,0.0001216989,"male",33,1
1101,"OTHER","Python",23,23,32,8217,0.064,0.3955122,1614116,0,1,0.0001216989,"male",190,1
1101,"OTHER","Python",23,23,32,8217,0.064,0.3955122,1614123,0,1,0.0001216989,"male",190,1
1101,"OTHER","Python",23,23,32,8217,0.064,0.3955122,7203,0,1,0.0001216989,"female",685,0
1101,"OTHER","Python",23,23,32,8217,0.064,0.3955122,877622,0,1,0.0001216989,"male",1577,1
1101,"OTHER","Python",23,24,20,3070,0.105,0.4532886,1553744,0,1,0.0003257329,"male",338,0
1101,"OTHER","Python",23,24,20,3070,0.105,0.4532886,1614129,0,1,0.0003257329,"male",610,0
1101,"OTHER","Python",23,24,20,3070,0.105,0.4532886,1614144,0,1,0.0003257329,"male",356,0
1101,"OTHER","Python",23,24,20,3070,0.105,0.4532886,1614150,0,1,0.0003257329,"male",279,0
1101,"OTHER","Python",23,24,20,3070,0.105,0.4532886,1646854,0,1,0.0003257329,"male",862,0
1101,"OTHER","Python",23,24,20,3070,0.105,0.4532886,2315614,0,1,0.0003257329,"male",279,0
1101,"OTHER","Python",23,24,20,3070,0.105,0.4532886,2877266,0,1,0.0003257329,"male",24,0
1101,"OTHER","Python",23,24,20,3070,0.105,0.4532886,2988559,0,1,0.0003257329,"None",5,0
1101,"OTHER","Python",23,24,20,3070,0.105,0.4532886,7203,0,1,0.0003257329,"female",775,0
1101,"OTHER","Python",23,24,20,3070,0.105,0.4532886,738787,0,1,0.0003257329,"male",964,0
1101,"OTHER","Python",23,24,20,3070,0.105,0.4532886,88459,0,1,0.0003257329,"male",2054,0
24293,"DEV_FRAME","Python",24,18,7,171,0.245,0.3447629,30382,0,1,0.005847953,"male",669,0
24293,"DEV_FRAME","Python",24,18,7,171,0.245,0.3447629,75458,0,1,0.005847953,"male",478,0
24293,"DEV_FRAME","Python",24,21,17,443,0.142,0.3616627,22790,0,1,0.002257336,"None",234,1
24293,"DEV_FRAME","Python",24,21,17,443,0.142,0.3616627,342000,0,1,0.002257336,"male",314,1
24293,"DEV_FRAME","Python",24,21,17,443,0.142,0.3616627,54318,0,1,0.002257336,"male",913,1
24293,"DEV_FRAME","Python",24,21,17,443,0.142,0.3616627,5806,0,1,0.002257336,"male",730,0
24293,"DEV_FRAME","Python",24,21,17,443,0.142,0.3616627,888301,0,1,0.002257336,"male",448,1
24293,"DEV_FRAME","Python",24,22,19,1191,0,0.3110061,109143,0,1,0.0008396306,"male",1687,1
24293,"DEV_FRAME","Python",24,22,19,1191,0,0.3110061,193990,0,1,0.0008396306,"male",1746,1
24293,"DEV_FRAME","Python",24,22,19,1191,0,0.3110061,2020581,0,1,0.0008396306,"male",26,1
24293,"DEV_FRAME","Python",24,23,12,1655,0.153,0.2925784,938914,0,1,0.0006042296,"male",326,1
24293,"DEV_FRAME","Python",24,24,12,1224,0,0.2299264,11648,0,1,0.0008169935,"male",893,0
24293,"DEV_FRAME","Python",24,24,12,1224,0,0.2299264,179354,0,1,0.0008169935,"male",1238,0
24293,"DEV_FRAME","Python",24,24,12,1224,0,0.2299264,438642,0,1,0.0008169935,"male",1582,0
24293,"DEV_FRAME","Python",24,24,12,1224,0,0.2299264,5268,0,1,0.0008169935,"male",1903,0
